{"cameraMode":{"drawMode":0,"name":"Shaded","section":"Shading Mode"},"sceneLighting":true,"audioPlay":false,"sceneViewState":{"showFog":true,"showMaterialUpdate":true,"showSkybox":true,"showFlares":true,"showImageEffects":true,"showParticleSystems":true},"in2DMode":false,"pivot":{"x":-11.362407684326172,"y":1.3888654708862305,"z":5.555768013000488},"rotation":{"x":0.10378540307283402,"y":-0.5479083061218262,"z":0.06874144822359085,"w":0.8272261619567871},"size":10.591734886169434,"orthographic":false}