{"cameraMode":{"drawMode":0,"name":"Shaded","section":"Shading Mode"},"sceneLighting":true,"audioPlay":false,"sceneViewState":{"showFog":true,"showMaterialUpdate":true,"showSkybox":true,"showFlares":true,"showImageEffects":true,"showParticleSystems":true},"in2DMode":false,"pivot":{"x":-0.18538570404052735,"y":1.300149917602539,"z":-1.6141175031661988},"rotation":{"x":0.16638146340847016,"y":-0.6866756677627564,"z":0.1660844385623932,"w":0.6879048943519592},"size":4.87840461730957,"orthographic":false}