{"cameraMode":{"drawMode":0,"name":"Shaded","section":"Shading Mode"},"sceneLighting":true,"audioPlay":false,"sceneViewState":{"showFog":true,"showMaterialUpdate":true,"showSkybox":true,"showFlares":true,"showImageEffects":true,"showParticleSystems":true},"in2DMode":false,"pivot":{"x":3.607619285583496,"y":-1.1247663497924805,"z":2.6511006355285646},"rotation":{"x":-0.4068257212638855,"y":0.0967186912894249,"z":-0.04336613789200783,"w":-0.9073370695114136},"size":7.952589988708496,"orthographic":false}