{"cameraMode":{"drawMode":0,"name":"Shaded","section":"Shading Mode"},"sceneLighting":true,"audioPlay":false,"sceneViewState":{"showFog":true,"showMaterialUpdate":true,"showSkybox":true,"showFlares":true,"showImageEffects":true,"showParticleSystems":true},"in2DMode":false,"pivot":{"x":38.61492919921875,"y":7.983665466308594,"z":25.85988426208496},"rotation":{"x":0.32765433192253115,"y":-0.2210516631603241,"z":0.07914332300424576,"w":0.9151618480682373},"size":6.9003729820251469,"orthographic":false}