{"cameraMode":{"drawMode":0,"name":"Shaded","section":"Shading Mode"},"sceneLighting":true,"audioPlay":false,"sceneViewState":{"showFog":true,"showMaterialUpdate":true,"showSkybox":true,"showFlares":true,"showImageEffects":true,"showParticleSystems":true},"in2DMode":false,"pivot":{"x":4.024730682373047,"y":1.3921866416931153,"z":1.0910682678222657},"rotation":{"x":-0.05504726245999336,"y":0.9342976212501526,"z":-0.3109751045703888,"w":-0.165384903550148},"size":3.7935712337493898,"orthographic":false}