{"cameraMode":{"drawMode":0,"name":"Shaded","section":"Shading Mode"},"sceneLighting":true,"audioPlay":false,"sceneViewState":{"showFog":true,"showMaterialUpdate":true,"showSkybox":true,"showFlares":true,"showImageEffects":true,"showParticleSystems":true},"in2DMode":false,"pivot":{"x":2.428556203842163,"y":2.66989803314209,"z":2.2756922245025636},"rotation":{"x":-0.26638948917388918,"y":0.04883768409490585,"z":-0.013516227714717389,"w":-0.9625340104103088},"size":4.851506233215332,"orthographic":false}