{"cameraMode":{"drawMode":0,"name":"Shaded","section":"Shading Mode"},"sceneLighting":true,"audioPlay":false,"sceneViewState":{"showFog":true,"showMaterialUpdate":true,"showSkybox":true,"showFlares":true,"showImageEffects":true,"showParticleSystems":true},"in2DMode":false,"pivot":{"x":5.290586471557617,"y":0.7188920974731445,"z":0.39130496978759768},"rotation":{"x":0.07604654878377915,"y":0.9127231240272522,"z":-0.3485727608203888,"w":0.1991245448589325},"size":4.274313926696777,"orthographic":false}