{"cameraMode":{"drawMode":0,"name":"Shaded","section":"Shading Mode"},"sceneLighting":true,"audioPlay":false,"sceneViewState":{"showFog":true,"showMaterialUpdate":true,"showSkybox":true,"showFlares":true,"showImageEffects":true,"showParticleSystems":true},"in2DMode":false,"pivot":{"x":-8.38425350189209,"y":0.7014572620391846,"z":3.042973279953003},"rotation":{"x":-0.4068257212638855,"y":0.0967186912894249,"z":-0.04336613789200783,"w":-0.9073370695114136},"size":0.3160010576248169,"orthographic":false}