{"cameraMode":{"drawMode":0,"name":"Shaded","section":"Shading Mode"},"sceneLighting":true,"audioPlay":false,"sceneViewState":{"showFog":true,"showMaterialUpdate":true,"showSkybox":true,"showFlares":true,"showImageEffects":true,"showParticleSystems":true},"in2DMode":false,"pivot":{"x":8.5600004196167,"y":0.9505243301391602,"z":7.78731632232666},"rotation":{"x":0.30550336837768557,"y":-0.4561242461204529,"z":0.1702864170074463,"w":0.8183090090751648},"size":1.5003715753555298,"orthographic":false}