{"cameraMode":{"drawMode":0,"name":"Shaded","section":"Shading Mode"},"sceneLighting":true,"audioPlay":false,"sceneViewState":{"showFog":true,"showMaterialUpdate":true,"showSkybox":true,"showFlares":true,"showImageEffects":true,"showParticleSystems":true},"in2DMode":false,"pivot":{"x":5.448012828826904,"y":1.4070239067077637,"z":-0.34683990478515627},"rotation":{"x":0.03130818530917168,"y":0.9680445790290833,"z":-0.15702694654464723,"w":0.19300897419452668},"size":6.7521514892578129,"orthographic":false}