{"cameraMode":{"drawMode":0,"name":"Shaded","section":"Shading Mode"},"sceneLighting":true,"audioPlay":false,"sceneViewState":{"showFog":true,"showMaterialUpdate":true,"showSkybox":true,"showFlares":true,"showImageEffects":true,"showParticleSystems":true},"in2DMode":false,"pivot":{"x":0.854758620262146,"y":1.3910386562347413,"z":-4.061026096343994},"rotation":{"x":-0.1105690449476242,"y":0.802886426448822,"z":-0.1573270857334137,"w":-0.5642669200897217},"size":0.937931478023529,"orthographic":false}