{"cameraMode":{"drawMode":0,"name":"Shaded","section":"Shading Mode"},"sceneLighting":true,"audioPlay":false,"sceneViewState":{"showFog":true,"showMaterialUpdate":true,"showSkybox":true,"showFlares":true,"showImageEffects":true,"showParticleSystems":true},"in2DMode":false,"pivot":{"x":24.600000381469728,"y":1.5,"z":35.77000045776367},"rotation":{"x":0.07261265069246292,"y":-0.8758422136306763,"z":0.13937503099441529,"w":0.45629754662513735},"size":5.970736503601074,"orthographic":false}