{"cameraMode":{"drawMode":0,"name":"Shaded","section":"Shading Mode"},"sceneLighting":true,"audioPlay":false,"sceneViewState":{"showFog":true,"showMaterialUpdate":true,"showSkybox":true,"showFlares":true,"showImageEffects":true,"showParticleSystems":true},"in2DMode":false,"pivot":{"x":7.454540252685547,"y":-5.884605407714844,"z":27.550796508789064},"rotation":{"x":0.30518266558647158,"y":0.6275099515914917,"z":-0.29297760128974917,"w":0.6536510586738586},"size":14.907657623291016,"orthographic":false}