{"cameraMode":{"drawMode":0,"name":"Shaded","section":"Shading Mode"},"sceneLighting":true,"audioPlay":false,"sceneViewState":{"showFog":true,"showMaterialUpdate":true,"showSkybox":true,"showFlares":true,"showImageEffects":true,"showParticleSystems":true},"in2DMode":false,"pivot":{"x":7.444442272186279,"y":2.6553001403808595,"z":5.904577732086182},"rotation":{"x":-0.2633833587169647,"y":-0.056688595563173297,"z":0.015505963936448098,"w":-0.9629008173942566},"size":7.952589988708496,"orthographic":false}