{"cameraMode":{"drawMode":0,"name":"Shaded","section":"Shading Mode"},"sceneLighting":true,"audioPlay":false,"sceneViewState":{"showFog":true,"showMaterialUpdate":true,"showSkybox":true,"showFlares":true,"showImageEffects":true,"showParticleSystems":true},"in2DMode":false,"pivot":{"x":24.419445037841798,"y":1.0338577032089234,"z":20.566072463989259},"rotation":{"x":0.3979244828224182,"y":-0.4291152060031891,"z":0.2186836451292038,"w":0.7808340787887573},"size":8.026517868041993,"orthographic":false}