{"cameraMode":{"drawMode":0,"name":"Shaded","section":"Shading Mode"},"sceneLighting":true,"audioPlay":false,"sceneViewState":{"showFog":true,"showMaterialUpdate":true,"showSkybox":true,"showFlares":true,"showImageEffects":true,"showParticleSystems":true},"in2DMode":false,"pivot":{"x":5.852534294128418,"y":1.0298714637756348,"z":0.8254547119140625},"rotation":{"x":0.02636096253991127,"y":0.9510381817817688,"z":-0.2960776686668396,"w":0.08467443287372589},"size":3.1521499156951906,"orthographic":false}