{"cameraMode":{"drawMode":0,"name":"Shaded","section":"Shading Mode"},"sceneLighting":true,"audioPlay":false,"sceneViewState":{"showFog":true,"showMaterialUpdate":true,"showSkybox":true,"showFlares":true,"showImageEffects":true,"showParticleSystems":true},"in2DMode":false,"pivot":{"x":-0.17187869548797608,"y":1.2277752161026,"z":-1.6008917093276978},"rotation":{"x":-0.1140495240688324,"y":0.60065096616745,"z":-0.08709663152694702,"w":-0.7865279316902161},"size":0.6379314661026001,"orthographic":false}