{"cameraMode":{"drawMode":0,"name":"Shaded","section":"Shading Mode"},"sceneLighting":true,"audioPlay":false,"sceneViewState":{"showFog":true,"showMaterialUpdate":true,"showSkybox":true,"showFlares":true,"showImageEffects":true,"showParticleSystems":true},"in2DMode":false,"pivot":{"x":1.026169776916504,"y":1.0035327672958375,"z":-1.0725038051605225},"rotation":{"x":-0.007290974259376526,"y":0.23448477685451508,"z":-0.0017585486639291049,"w":-0.9720920324325562},"size":1.768310546875,"orthographic":false}