{"cameraMode":{"drawMode":0,"name":"Shaded","section":"Shading Mode"},"sceneLighting":true,"audioPlay":false,"sceneViewState":{"showFog":true,"showMaterialUpdate":true,"showSkybox":true,"showFlares":true,"showImageEffects":true,"showParticleSystems":true},"in2DMode":false,"pivot":{"x":7.550747871398926,"y":4.52983283996582,"z":18.317445755004884},"rotation":{"x":0.37198007106781008,"y":0.20889784395694734,"z":-0.08631084859371185,"w":0.9003027677536011},"size":4.0,"orthographic":false}