{"cameraMode":{"drawMode":0,"name":"Shaded","section":"Shading Mode"},"sceneLighting":true,"audioPlay":false,"sceneViewState":{"showFog":true,"showMaterialUpdate":true,"showSkybox":true,"showFlares":true,"showImageEffects":true,"showParticleSystems":true},"in2DMode":false,"pivot":{"x":24.032638549804689,"y":0.3631138801574707,"z":35.54928970336914},"rotation":{"x":0.19063104689121247,"y":-0.5552240014076233,"z":0.1325283944606781,"w":0.7986410856246948},"size":6.363961219787598,"orthographic":false}