{"cameraMode":{"drawMode":0,"name":"Shaded","section":"Shading Mode"},"sceneLighting":false,"audioPlay":false,"sceneViewState":{"showFog":true,"showMaterialUpdate":true,"showSkybox":false,"showFlares":true,"showImageEffects":true,"showParticleSystems":true},"in2DMode":false,"pivot":{"x":0.8213024139404297,"y":1.0454192161560059,"z":-0.0009618997573852539},"rotation":{"x":0.014546248130500317,"y":0.9656181931495667,"z":-0.2535792589187622,"w":0.05539148673415184},"size":0.7862779498100281,"orthographic":false}