{"cameraMode":{"drawMode":0,"name":"Shaded","section":"Shading Mode"},"sceneLighting":true,"audioPlay":false,"sceneViewState":{"showFog":true,"showMaterialUpdate":true,"showSkybox":true,"showFlares":true,"showImageEffects":true,"showParticleSystems":true},"in2DMode":false,"pivot":{"x":-5.719839096069336,"y":-13.58291244506836,"z":15.401313781738282},"rotation":{"x":0.09786924719810486,"y":0.877256453037262,"z":-0.4240984618663788,"w":0.20244446396827699},"size":15.85295581817627,"orthographic":false}