{"cameraMode":{"drawMode":0,"name":"Shaded","section":"Shading Mode"},"sceneLighting":true,"audioPlay":false,"sceneViewState":{"showFog":true,"showMaterialUpdate":true,"showSkybox":true,"showFlares":true,"showImageEffects":true,"showParticleSystems":true},"in2DMode":false,"pivot":{"x":-0.126617431640625,"y":2.407416820526123,"z":0.13837575912475587},"rotation":{"x":0.22383128106594087,"y":-0.44810301065444949,"z":0.11695699393749237,"w":0.8575718998908997},"size":3.6639599800109865,"orthographic":false}