{"cameraMode":{"drawMode":0,"name":"Shaded","section":"Shading Mode"},"sceneLighting":true,"audioPlay":false,"sceneViewState":{"showFog":true,"showMaterialUpdate":true,"showSkybox":true,"showFlares":true,"showImageEffects":true,"showParticleSystems":true},"in2DMode":false,"pivot":{"x":0.1822146773338318,"y":0.6206397414207459,"z":-0.2078753113746643},"rotation":{"x":-0.024554027244448663,"y":0.9292627573013306,"z":-0.06282071024179459,"w":-0.36321091651916506},"size":0.6379315257072449,"orthographic":false}