{"cameraMode":{"drawMode":0,"name":"Shaded","section":"Shading Mode"},"sceneLighting":true,"audioPlay":false,"sceneViewState":{"showFog":true,"showMaterialUpdate":true,"showSkybox":true,"showFlares":true,"showImageEffects":true,"showParticleSystems":true},"in2DMode":false,"pivot":{"x":8.864785194396973,"y":2.9317398071289064,"z":9.097049713134766},"rotation":{"x":-0.2114134132862091,"y":0.3114410936832428,"z":-0.07128145545721054,"w":-0.923704981803894},"size":-1.0862782001495362,"orthographic":false}