{"cameraMode":{"drawMode":0,"name":"Shaded","section":"Shading Mode"},"sceneLighting":true,"audioPlay":false,"sceneViewState":{"showFog":true,"showMaterialUpdate":true,"showSkybox":true,"showFlares":true,"showImageEffects":true,"showParticleSystems":true},"in2DMode":false,"pivot":{"x":10.283291816711426,"y":6.564875602722168,"z":10.164606094360352},"rotation":{"x":0.3979244828224182,"y":-0.4291152060031891,"z":0.2186836451292038,"w":0.7808340787887573},"size":1.9610302448272706,"orthographic":false}